target_version,mean,median,std,min,max,skew
raw SalePrice,180932.91906721535,163000.0,79495.05528474765,34900.0,755000.0,1.8812964895244009
log1p SalePrice,12.024015155682548,12.001511614739403,0.39971282760634014,10.460270761075147,13.534474352733596,0.121579760503075
