fold,row_count,raw_target_mean,raw_target_median,raw_target_std,log_target_mean,log_target_median,log_target_std,raw_target_min,raw_target_max
0,292,181369.45205479453,167050.0,74449.3736667329,12.026624807832397,12.026016761518726,0.4112852583926726,35311,451950
1,292,179137.15068493152,155000.0,83943.7544161297,12.014102395415478,11.951186847493476,0.3892489542440147,55000,745000
2,292,178551.95547945207,165750.0,73130.7677049465,12.018490866185081,12.018240803746995,0.38144103574547333,55993,555000
3,291,182439.39175257733,162000.0,85233.18567321423,12.022021523819951,11.995357787034976,0.4272638100409308,34900,755000
4,291,183179.49828178695,164500.0,80432.87752128672,12.038880265564021,12.010671928196444,0.38989304550233617,52000,611657
