model_name,dataset_type,fold,train_rows,valid_rows,train_log_rmse,valid_log_rmse,train_valid_gap,raw_mae,raw_rmse,raw_r2,fit_time_seconds
ElasticNet_RobustScaler_baseline,linear,0,1166,292,0.09214340964132842,0.10908086499716417,0.016937455355835754,13210.963071433524,18510.277803819623,0.9379711629226621,0.2271883487701416
ElasticNet_RobustScaler_baseline,linear,1,1166,292,0.09074472050160066,0.11132076797086406,0.020576047469263392,13653.725520359354,21694.166102919058,0.9329808360264482,0.14682579040527344
ElasticNet_RobustScaler_baseline,linear,2,1166,292,0.08918388830731468,0.1174823677996519,0.028298479492337228,12800.142745130393,18944.821354727777,0.9326603854691142,0.17213201522827148
ElasticNet_RobustScaler_baseline,linear,3,1167,291,0.08949787041772111,0.11939619205388843,0.02989832163616732,14389.892618804626,24016.1010853263,0.9203322494268122,0.21100616455078125
ElasticNet_RobustScaler_baseline,linear,4,1167,291,0.0940472462747767,0.09643422473474403,0.002386978459967326,13481.483140960858,22096.99466326245,0.924265423615928,0.19244027137756348
