model_name,dataset_type,fold,train_rows,valid_rows,train_log_rmse,valid_log_rmse,train_valid_gap,raw_mae,raw_rmse,raw_r2,fit_time_seconds
ExtraTrees_baseline,tree,0,1166,292,5.877413462704222e-14,0.14687491487037627,0.14687491487031748,16393.261941122855,23059.001995377814,0.9037393523391257,0.28098607063293457
ExtraTrees_baseline,tree,1,1166,292,5.911417786760023e-14,0.13201439073496796,0.13201439073490884,16771.596570964954,30455.45194373053,0.8679181384909015,0.3009793758392334
ExtraTrees_baseline,tree,2,1166,292,5.761709516365438e-14,0.13005487210290223,0.1300548721028446,15333.96579165703,22753.32093619201,0.902864231034374,0.28141260147094727
ExtraTrees_baseline,tree,3,1167,291,5.888004023198733e-14,0.14449898174109851,0.14449898174103964,17924.115892948943,32907.25088625112,0.8504243999304631,0.30300068855285645
ExtraTrees_baseline,tree,4,1167,291,5.841961631638596e-14,0.11985790782224691,0.11985790782218848,16069.995807756666,27297.984362382937,0.8844183366219546,0.2883641719818115
