model_name,dataset_type,fold,train_rows,valid_rows,train_log_rmse,valid_log_rmse,train_valid_gap,raw_mae,raw_rmse,raw_r2,fit_time_seconds
GradientBoosting_baseline,tree,0,1166,292,0.060719360876128066,0.11757256188652206,0.05685320101039399,14082.832325293268,19271.067088271022,0.9327674950945801,3.502246856689453
GradientBoosting_baseline,tree,1,1166,292,0.06191774649939949,0.11433689871167337,0.052419152212273876,13940.99042513654,21914.362053453297,0.9316134414887189,3.4472296237945557
GradientBoosting_baseline,tree,2,1166,292,0.05934851723151136,0.1226919224744239,0.06334340524291254,14159.819638110706,20995.190895072654,0.9172954785869005,3.4914464950561523
GradientBoosting_baseline,tree,3,1167,291,0.060029121776496504,0.12468066462469822,0.06465154284820171,14961.372546813644,25095.532909039754,0.9130097870188193,3.509152412414551
GradientBoosting_baseline,tree,4,1167,291,0.061533314266001865,0.1015217227584842,0.039988408492482336,14027.155046727234,23034.552978770902,0.9177023648107812,3.4702844619750977
