model_name,dataset_type,fold,train_rows,valid_rows,train_log_rmse,valid_log_rmse,train_valid_gap,raw_mae,raw_rmse,raw_r2,fit_time_seconds
RandomForest_baseline,tree,0,1166,292,0.04847201823559577,0.1422275246242144,0.09375550638861863,15530.952870012723,22286.10771056172,0.9100841579136997,0.332714319229126
RandomForest_baseline,tree,1,1166,292,0.049254975806714785,0.12619727805548556,0.07694230224877077,16112.58409886943,28696.808417229397,0.8827317941875381,0.3454859256744385
RandomForest_baseline,tree,2,1166,292,0.04835393256857253,0.1309355037461864,0.08258157117761386,15550.469330773849,23156.963622657582,0.8993872952484228,0.353985071182251
RandomForest_baseline,tree,3,1167,291,0.04854608911222304,0.1375401556858988,0.08899406657367577,16742.849312310398,30317.069305468296,0.8730443649154119,0.35806798934936523
RandomForest_baseline,tree,4,1167,291,0.04967144251381154,0.1190797488294863,0.06940830631567477,16496.2147002163,27404.958113504264,0.8835106923073157,0.3616018295288086
