model_name,dataset_type,fold,train_rows,valid_rows,train_log_rmse,valid_log_rmse,train_valid_gap,raw_mae,raw_rmse,raw_r2,fit_time_seconds
Ridge_RobustScaler_baseline,linear,0,1166,292,0.09566819184627771,0.11344278982047643,0.01777459797419871,13503.971998188803,18823.939673636698,0.935851159580299,0.04711174964904785
Ridge_RobustScaler_baseline,linear,1,1166,292,0.09564730707281514,0.10937530562427113,0.013727998551455983,14039.959150470746,22879.452692243078,0.9254574326248999,0.04239964485168457
Ridge_RobustScaler_baseline,linear,2,1166,292,0.0931358288554141,0.11875865833116497,0.02562282947575087,13026.955821416379,19085.45945401462,0.93165687451419,0.03630352020263672
Ridge_RobustScaler_baseline,linear,3,1167,291,0.0931344045220669,0.12173256202948567,0.028598157507418773,14703.246215757606,24336.95331859423,0.9181893266106701,0.03501772880554199
Ridge_RobustScaler_baseline,linear,4,1167,291,0.09823066402021514,0.09652405697462464,-0.0017066070455905025,13802.270827310014,22694.13408591461,0.9201168812478577,0.03490018844604492
