model_name,dataset_type,fold,train_rows,valid_rows,train_log_rmse,valid_log_rmse,train_valid_gap,raw_mae,raw_rmse,raw_r2,fit_time_seconds
XGBoost_GPU_baseline,tree,0,1166,292,0.05508015679249726,0.11752024738200058,0.06244009058950332,13807.237813035124,19201.922321128484,0.9332490912562623,1.5615079402923584
XGBoost_GPU_baseline,tree,1,1166,292,0.05562098065324531,0.11247211926024109,0.056851138606995776,14045.991210937515,22524.93459850162,0.9277496157383953,1.2604968547821045
XGBoost_GPU_baseline,tree,2,1166,292,0.05379477680045974,0.12209740995959903,0.06830263315913929,13849.263792273116,20574.13868648857,0.9205794439474079,1.3301031589508057
XGBoost_GPU_baseline,tree,3,1167,291,0.05467578032932841,0.1226794789029773,0.06800369857364888,14825.498348904652,24940.695452444532,0.9140799209731717,1.3136639595031738
XGBoost_GPU_baseline,tree,4,1167,291,0.0565219318451574,0.10188812827025036,0.04536619642509296,13947.5858703823,23119.623571781758,0.9170933634736447,1.700660228729248
