bin_index,bin_edge
0,-inf
1,11.859372516519642
2,12.051908433801623
3,12.145960318240295
4,inf
